House Size (sq ft),Number of Bedrooms,Age of House (years),Distance to City Center (miles),House Price ($)
2882,1,38,17.594448165993484,270011.103668013
2200,4,48,3.115251531468346,235769.49693706332
2489,4,36,5.61179954569665,271676.4009086067
3120,2,93,7.722767596996514,263554.464806007
2933,2,25,5.472766206000457,317354.46758799907
1511,5,35,4.214212851555392,182671.57429688922
2475,2,71,15.422921941091762,205654.15611781648
1924,4,64,6.58032317447163,185239.35365105674
1948,4,64,2.250259153986769,196299.48169202646
2205,4,8,10.817903249133916,260864.19350173217
2072,2,67,2.5097699447282062,195180.4601105436
2727,3,6,7.1503921488185584,317399.2157023629
2380,1,7,17.63653524544568,250726.92950910865
2060,5,51,7.383223902124394,215233.55219575122
2221,3,77,12.650179485765001,184799.64102847
2166,1,82,10.292510720172626,169014.97855965476
2747,2,17,2.7544969155595123,312191.00616888097
1897,5,3,12.981391955816704,235737.21608836658
2156,5,8,17.120699938676125,248358.60012264777
1572,2,47,1.864249480906881,166471.50103818625
723,3,43,15.073601782595832,64152.79643480833
2326,1,61,13.804225630379563,198991.54873924088
2432,4,3,17.33321149994292,275533.57700011414
1628,4,44,2.0818386426693403,184636.3227146613
3134,1,75,6.113907587933576,281172.1848241328
1272,4,49,13.885829744527483,120428.34051094504
2022,3,50,0.44035957773300494,216319.280844534
1906,2,10,14.681513554609772,211236.97289078045
2766,4,43,17.15957158002242,269280.85683995514
2734,2,79,9.06608104753515,236267.8379049297
2077,4,91,8.686598068533042,169326.8038629339
2189,4,62,5.56937924138732,215761.24151722537
1556,5,99,0.10103740010174667,131397.9251997965
1009,4,82,3.7260703333271206,81447.85933334575
1826,5,62,19.597282368447424,156405.43526310514
2078,1,35,17.345721542427132,193108.55691514575
2615,4,85,5.330092774978428,235839.81445004314
2601,4,28,19.27497714242093,263550.04571515816
1806,4,59,7.354252319065717,176891.49536186855
1848,5,97,5.9517074950236015,150896.5850099528
1475,4,89,3.0561527089977036,122387.6945820046
1289,3,74,18.03222139021348,83835.55721957303
1146,1,1,19.739849821337184,129120.30035732563
2975,2,21,6.548228081053649,323403.5438378927
1745,2,25,14.068608467168538,181362.78306566292
1780,5,10,6.706068196191093,229587.86360761782
1373,1,41,2.0998147861091043,147100.3704277818
2388,1,13,7.853846137646478,265092.30772470706
1193,2,51,11.031399215223521,106237.20156955296
1893,5,66,2.460335183529885,193379.32963294024
1552,3,82,16.365455495795224,105469.08900840956
2193,1,84,9.94726233786579,170405.47532426842
1744,2,7,4.68765905009146,218024.68189981708
1409,3,40,11.855191570858867,142189.61685828227
1985,3,56,15.865186121088042,175769.6277578239
2214,3,85,6.552486981039516,188295.02603792096
2033,4,37,14.029526488011888,208240.94702397622
2151,3,46,8.557183599613747,216985.6328007725
1682,3,83,19.281023376912017,111637.95324617597
1818,2,90,15.418801732054632,120962.39653589073
1663,5,55,7.1270180504404195,172045.96389911918
1820,4,6,0.3549591812352415,245290.0816375295
1593,2,0,13.15039790760856,192999.20418478287
1136,2,8,3.957443171697046,157685.1136566059
2088,3,85,2.437583512982655,183924.83297403468
1799,4,37,18.635529027935874,175628.94194412825
1184,5,67,19.998979404298336,86402.04119140333
2231,5,46,5.397776411287703,241304.4471774246
1546,2,41,6.03537104331876,161529.25791336247
2025,4,92,3.299778784763374,173900.44243047325
2364,2,63,9.153695518592475,215092.60896281505
2064,2,57,17.316875196714953,174766.24960657008
2569,5,39,14.030119042497555,264839.76191500487
1382,5,65,16.926631161531752,114346.7376769365
2201,2,51,4.5696331134716095,219960.73377305677
1657,5,61,14.609121348169602,150481.7573036608
1564,5,69,18.370532567921206,125658.93486415758
1710,3,58,5.628322284287808,166743.3554314244
1844,3,91,13.813070871823703,130773.8582563526
2028,1,95,8.01314823379709,146773.7035324058
1417,1,40,5.804532903178452,145090.9341936431
2450,2,73,19.39246937508699,193215.06124982602
2232,2,53,6.972664599365855,216254.67080126828
1231,2,7,2.1569936252137456,171786.01274957252
2744,2,99,7.771784192406712,219856.43161518656
2947,5,47,8.953565819199646,304792.86836160073
2589,1,69,15.044216509984757,214811.56698003047
1910,2,41,18.998285338940054,172003.4293221199
1464,3,28,16.341139675884254,150717.7206482315
2527,5,85,18.618826225102122,205462.34754979576
1798,1,11,9.501202599498622,204797.59480100276
2611,5,3,14.386331364728683,304327.33727054263
2104,4,18,6.180991700248049,250038.0165995039
2488,2,35,1.391742170380359,271016.51565923926
2178,3,46,7.309470506519871,222181.05898696027
2353,1,17,13.958304566565953,245383.39086686808
2005,5,27,5.4924422049608745,237515.11559007826
2892,1,54,17.22811791283042,255743.76417433916
2063,4,73,15.815456999658037,171669.08600068392
2200,3,19,3.880850983692059,258238.2980326159
2941,5,71,6.616735249816134,284866.5295003677
1326,4,71,16.506052350981836,98587.89529803632
1364,3,43,4.878755790225988,148642.48841954803
2484,2,44,6.632042913342612,251135.91417331478
1413,1,46,6.861338648461734,136577.32270307653
2971,4,34,16.020840556515335,301058.31888696935
1793,1,33,0.7406053121003353,199818.78937579933
1626,1,74,1.475739662428286,140648.52067514343
2961,4,69,11.56903096325875,273961.9380734825
2740,4,92,7.942239819921333,236115.52036015733
2933,5,46,12.657706392214152,296984.5872155717
2453,3,32,5.329225523587658,267641.54895282467
1569,2,83,18.191653549631216,97516.69290073757
2955,3,39,15.218837743489122,291062.32451302174
1865,2,30,1.3549244110079206,213790.15117798417
2401,2,95,15.678109545700682,173743.78090859862
2473,5,47,19.391647446245027,236516.70510750994
1922,3,1,18.84871241174946,218502.57517650106
2307,4,32,14.709675960508955,239280.64807898208
2461,1,63,2.471875069624312,233156.24986075138
2188,5,45,11.521535316809082,225756.92936638184
1450,5,55,5.684654576809775,153630.69084638046
2149,5,64,19.404258872724945,187091.4822545501
2663,4,85,14.349714507232187,222600.57098553563
1652,1,22,12.215311795748384,173769.37640850322
1925,2,27,13.901760852094524,197696.47829581096
1782,4,5,8.75958258219361,225680.83483561277
2924,3,35,7.454735028752133,307490.52994249575
2336,3,35,18.715991588799284,226168.01682240143
2203,4,67,6.638542695853733,210022.91460829254
1615,5,28,0.8287226346543863,206842.55473069122
2269,4,91,8.016803083089147,189866.3938338217
1662,1,9,15.806807052433445,180586.3858951331
2015,2,43,12.96936716097839,192561.26567804322
1682,2,3,19.243415509557494,186713.168980885
2338,2,11,2.1240373523827527,278551.9252952345
2288,2,51,18.23092604458767,201338.14791082466
1895,5,86,7.3769838782812425,163746.0322434375
2198,3,4,9.480051708438246,261839.8965831235
1453,3,29,8.56964308978469,164160.71382043062
1254,4,60,2.3290456218488287,130741.90875630235
2219,2,44,4.955929114503775,227988.14177099246
2083,3,2,14.84543138459584,241609.13723080832
2317,1,94,0.460150836913904,191779.6983261722
3191,4,69,2.6777554877254905,314744.489024549
2472,5,47,0.5042033758270015,274191.593248346
1543,3,76,17.147761146470984,109004.47770705803
2558,2,17,12.346496555635593,274107.0068887288
1342,5,79,3.3985732423711768,123402.85351525765
1769,1,56,15.375444461075071,145149.11107784987
1965,1,41,19.336011949031075,171827.97610193785
2856,1,24,18.691207490600362,279217.5850187993
1627,5,85,18.430950956243308,115838.09808751338
1586,3,3,0.15620430811486452,220287.59138377028
1950,3,60,11.78026977970557,176439.46044058885
1668,2,46,5.1326523327805855,170534.69533443882
2563,5,31,11.292944286197175,277714.1114276057
1460,3,70,6.360605783211093,128278.7884335778
1426,4,51,3.073330855452252,155453.3382890955
1781,2,97,8.889874467166933,123320.25106566613
1750,3,47,9.901926543527468,173196.14691294506
2964,4,11,19.79531013695249,315809.379726095
2474,2,62,0.8477576827708022,243704.4846344584
2043,1,8,6.0231039779455315,239253.79204410894
1387,1,62,17.037876901766452,97624.2461964671
2422,4,3,13.193909962520856,282812.1800749583
1499,1,55,16.53366063691792,116832.67872616416
1227,4,54,13.205818371195557,112288.36325760889
2594,2,41,15.190726182922658,248018.54763415467
2158,3,54,9.858434999941146,207083.1300001177
2460,2,25,4.09755385795195,272804.8922840961
2159,4,6,16.200077216744,247499.845566512
2428,5,71,11.356413093279382,224087.17381344124
1674,5,63,2.7901038757365937,173819.79224852682
1482,4,93,16.09788053741732,93004.23892516535
2340,1,69,19.171718207251566,181656.56358549686
1598,4,38,6.923277452569316,177953.44509486138
1655,3,67,5.87024504172887,151759.50991654227
1772,2,7,1.6355035641513216,226928.99287169735
2008,4,43,13.289824528988312,201220.3509420234
1823,3,23,19.179232369929935,185941.53526014014
1312,5,88,2.7198537998321526,112760.29240033569
1678,4,29,9.70319262638631,189393.61474722737
888,1,51,1.964763693064957,88870.47261387008
2312,4,17,0.6821980741963163,282835.60385160736
1198,5,56,13.29002101335291,112219.95797329418
1447,3,43,17.353743506869957,131992.5129862601
2026,4,33,6.751410722520594,226097.1785549588
1630,4,48,17.515303488201987,149969.39302359603
2771,1,78,2.341061983020638,249417.87603395872
1353,4,42,4.759213638349524,153781.57272330095
2133,2,80,18.032134538134372,157235.73092373126
1980,4,1,10.170197873813404,246659.6042523732
1415,3,53,12.163847675940483,129172.30464811904
2261,2,64,0.7603646508501583,220579.2706982997
1914,1,56,2.5677982029577784,185264.40359408443
2385,3,15,1.1158162500170632,286268.3674999659
2411,1,80,18.100014798993385,179899.97040201322
3081,4,72,2.6958992774189405,300708.2014451621
2668,4,20,16.99345653217509,282813.0869356498
1815,4,61,7.020693987449063,176458.61202510187
1880,5,63,16.0119499273156,167976.1001453688
2549,5,54,7.300870949134948,261298.2581017301
2327,5,43,5.35368079385753,253992.63841228496
2320,2,25,1.8732140237811445,263253.5719524377
1191,5,0,5.614131811482674,182871.73637703466
1987,4,49,9.429594334345598,200840.8113313088
1630,4,39,16.350175977935912,161299.64804412817
2139,1,2,9.050299095373957,248799.4018092521
1950,3,70,19.42871149875235,151142.5770024953
2455,3,3,10.832660217096459,285834.6795658071
2158,2,30,0.49891259622886874,244802.17480754227
2393,3,13,8.30734600382545,274685.3079923491
1766,2,20,13.777982147730274,189044.03570453945
1527,1,75,4.685832924996496,123328.33415000701
1794,4,11,13.972599016963175,210454.80196607366
1991,4,5,10.073946103630325,243952.10779273935
2189,2,16,0.5147555116623059,261870.48897667538
3129,5,77,15.487058989604115,279925.88202079176
1978,1,62,11.207474076281503,168385.051847437
1522,4,8,1.6498700616218676,210900.25987675626
1827,4,27,9.50428066924546,206691.43866150908
1768,1,6,5.745857635494933,214308.28472901013
2240,2,42,17.59363085175866,206812.73829648268
1229,5,4,5.6985410561449745,182502.91788771006
2031,2,15,18.833741419483978,210432.51716103204
2078,1,60,10.92265498694225,180954.6900261155
2116,3,0,6.472274190934426,263655.45161813113
1701,2,39,16.270900348351546,158558.19930329692
1881,3,37,13.948007567315317,188203.98486536936
1287,1,6,8.27924991391759,161141.50017216482
1753,3,93,12.592366054131862,122115.26789173628
1728,4,58,15.571685280565626,153656.62943886875
2208,3,25,17.031155885669786,226737.68822866044
1421,5,76,16.328254274281274,108443.49145143745
2390,5,64,3.3215417718683593,243356.91645626328
2747,1,62,16.567791050071712,234564.41789985658
965,5,52,1.1725811776754425,117154.83764464912
2213,3,50,4.003413631011372,228293.17273797726
2338,4,49,12.458534401319783,229882.93119736045
1681,1,28,2.2938505089380867,190512.29898212382
1801,2,71,12.066951901124002,144966.096197752
1933,4,65,6.1593138272712755,185981.37234545744
1851,2,50,8.589331703092967,177921.33659381408
1845,1,7,6.30303006890956,219893.93986218088
1161,2,26,1.4034713572980895,147293.05728540383
2576,4,40,10.015175058439219,267569.64988312154
2539,5,61,19.27198888789775,229356.0222242045
1593,1,48,12.235666963202544,141828.6660735949
1266,5,22,6.000637432342506,167598.72513531498
2260,5,14,19.122996682480384,248754.00663503923
1712,5,63,7.784745039044547,167630.5099219109
2070,4,95,13.95035467737687,154099.29064524625
1840,3,85,12.682256098448885,138635.48780310224
2345,5,52,19.05821696077703,219383.56607844593
2347,3,7,18.29205388989674,256115.89222020653
1637,1,36,2.9600811270006244,176779.83774599875
1308,2,80,1.7137174945884492,107372.5650108231
1208,5,70,16.192846555976594,93414.30688804682
2305,3,20,18.09886426593646,239302.2714681271
1405,1,38,9.859472078457989,137781.05584308403
1746,4,4,13.8152254766755,212969.549046649
1701,1,16,1.395765603568364,206308.46879286328
1973,4,98,4.396087957129438,160507.82408574113
1031,2,56,2.987523893134423,101124.95221373116
2094,2,14,12.02321167100068,231353.57665799864
2261,3,15,3.950797875322143,268198.4042493557
2044,4,88,1.1969263110170125,184006.14737796597
1844,4,14,6.044145654720214,228311.70869055958
2048,2,10,13.544248582279055,227711.5028354419
2199,1,4,11.557274485237091,247785.4510295258
613,1,84,6.614499309892716,19071.00138021457
2977,3,52,16.669577516867527,277360.84496626497
2195,2,75,5.525382160241792,193449.23567951642
1673,2,53,5.210952767313652,163878.0944653727
1804,5,93,11.198948215791765,140002.10356841647
2246,3,67,9.564312796915512,203471.37440616896
1941,2,44,8.919453212007213,192261.09357598558
984,5,90,3.1157123790813435,77168.57524183732
3032,4,91,10.092923832659821,262014.15233468037
1944,5,2,5.180378345508885,257039.24330898223
2510,2,60,7.843597652380307,235312.80469523938
1653,1,66,14.671408953412126,124957.18209317575
2768,3,23,18.737256511187113,281325.48697762575
2143,4,28,15.477259303786486,225345.48139242703
2304,1,53,8.112677892465275,216174.64421506945
1477,3,18,11.860662786575277,170978.67442684944
2605,4,59,14.92995631751408,241640.08736497184
2344,4,65,8.28442100191783,222831.15799616434
2650,2,68,7.204963176246022,242590.07364750796
1685,5,36,2.7048659191172653,202090.26816176547
1759,1,81,14.725216029517512,120449.56794096497
3151,5,24,16.770171816152498,332559.656367695
1469,2,89,6.331688220599057,105236.62355880189
1932,2,76,15.670155312850707,145859.68937429858
2568,1,34,12.20426116673975,253391.4776665205
2048,4,85,15.681660928064879,158436.67814387023
2291,3,56,8.226747662993288,221646.5046740134
1800,4,63,14.951527272992134,157096.94545401575
2185,5,73,8.17018235795252,204159.63528409495
1346,1,36,1.775159708389058,150049.6805832219
2829,2,41,11.01157836269888,279876.84327460226
1940,4,6,9.086574527772912,239826.85094445417
1659,1,17,5.057597744031543,193784.8045119369
2333,3,31,17.842266699335383,231615.46660132924
1769,2,6,7.657066110720024,215585.86777855994
1332,4,50,0.7825222286456279,151634.95554270875
1326,2,16,7.642714804051806,161314.57039189638
2346,5,30,8.490196158007395,262619.6076839852
1920,3,28,17.232754463883197,194534.4910722336
1933,3,75,15.98366416210087,151332.67167579825
2538,3,32,3.9993317181584853,278801.33656368306
1436,5,89,16.780584519177417,96038.83096164517
1634,4,38,4.9585445650733035,185482.9108698534
1807,4,29,6.83868296328586,208022.6340734283
2047,4,2,1.5363690795498264,269627.26184090035
1978,4,83,1.1071262626872769,182585.74747462544
1856,4,76,13.61720241622275,152365.5951675545
1969,1,18,18.46682169043466,196966.35661913067
1946,5,64,9.860337084756575,185879.32583048684
1640,3,41,16.881874239171662,154236.25152165667
1593,4,22,15.875024993853067,175549.95001229388
2137,4,17,13.293574467626586,240112.85106474682
1554,3,42,19.56457862235557,139270.84275528888
1421,3,4,16.04375841752772,171012.48316494457
1843,1,4,5.496887884285229,224306.22423142954
1921,5,18,15.780284924422158,217539.43015115568
3128,2,69,13.853232925678071,276093.53414864384
1647,1,14,7.990408932727034,189719.18213454593
2471,2,10,1.5359494045423006,294028.1011909154
2373,1,50,4.287190592361993,233725.61881527602
1405,5,93,15.9447578328671,90610.4843342658
2386,5,83,4.969705762720984,220660.58847455803
1408,2,34,19.95715966046696,126885.68067906608
670,4,3,13.87976279977089,106240.47440045822
2303,4,8,9.544449614352157,273211.10077129566
1122,4,90,11.408733804238542,69382.53239152292
2225,2,82,12.217454470828724,176065.09105834254
1657,4,68,19.378896400652465,128942.20719869508
2829,3,7,3.2348238926303896,334430.3522147392
2534,3,93,5.447916053215092,214504.16789356983
1773,5,35,14.191820959424872,188916.35808115025
1656,2,79,4.7971596628713105,137005.68067425737
1392,4,46,17.425943244041004,128348.113511918
1779,3,45,6.930683513162372,184038.63297367527
1859,4,67,3.616787998316382,181666.42400336722
1817,1,58,0.9524152169963696,176795.16956600727
2078,4,3,11.911900806359,250976.198387282
2289,5,70,16.505643791091032,200888.71241781794
2174,1,66,5.475862222975825,195448.27555404836
1617,2,24,18.350789725176405,160998.42054964718
1281,4,55,15.154685402360094,112790.62919527982
2682,4,59,1.2260136499756946,276747.9727000486
1655,1,35,11.452659933494997,162594.68013301
1673,5,3,11.348818806505314,216602.36238698938
1739,5,71,4.047446098719605,169805.1078025608
1078,5,27,6.690887573314431,142418.22485337115
1761,2,66,9.165577871675247,151768.8442566495
1760,1,71,0.9615564247483688,158076.88715050326
2310,3,10,2.9955281857177574,280008.9436285645
2349,2,63,3.280087782211174,225339.82443557764
2001,5,5,7.584715089127818,254930.56982174437
2465,5,40,14.947149173531608,251605.70165293678
2169,4,86,16.626073181945177,167647.85363610965
1992,2,52,3.2569809203407774,200686.03815931844
2080,1,43,15.038120720135398,189923.7585597292
1904,5,65,13.414199167763387,173571.60166447322
1802,3,6,17.813747838277568,203572.50432344485
1866,4,28,19.375825078903436,189848.34984219313
1435,1,5,2.4892121761988206,188521.57564760235
2140,1,74,1.6134772284163335,191773.04554316733
1503,1,7,15.994602579040187,166310.79484191962
2420,4,29,3.2434174617171685,276513.16507656564
1875,3,82,3.891490485144138,162717.01902971172
2024,5,47,17.640718450516538,195118.56309896693
2246,4,60,18.779297942050498,197041.404115899
2321,4,63,6.36942487845948,226361.15024308104
1214,3,66,16.84336200875988,86713.27598248023
1896,1,41,17.17713819127302,169245.72361745394
2440,5,29,12.107809610040725,265784.3807799186
1150,2,96,11.321768961262899,56356.46207747421
2193,1,49,11.516768184912195,202266.46363017563
872,1,60,6.025783752854457,70148.43249429109
1488,3,52,12.377340778779814,137045.31844244036
2019,2,25,4.871605422171401,227156.7891556572
1171,5,36,3.5526458015121753,148994.70839697565
1507,5,19,8.259009088480127,190181.98182303974
1264,5,96,14.115608459688705,77168.78308062258
2824,3,91,12.428553747029286,231542.89250594142
2082,2,26,19.29764158679405,203604.7168264119
2283,2,56,12.929118227314449,206441.7635453711
1888,1,56,2.8262809959184088,182147.43800816318
1823,4,28,3.2243642658503613,217851.27146829927
1191,2,45,1.8613428015566424,130377.31439688671
1854,5,87,3.82347529994026,165753.0494001195
1619,5,82,11.959018013582421,130981.96397283516
2428,4,5,16.765729500296306,274268.5409994074
2570,4,65,17.877353041349146,226245.2939173017
2733,1,85,8.000877733700971,227298.24453259807
2426,1,34,11.171660571744635,241256.67885651073
1700,3,1,16.18399184301627,201632.01631396747
1442,5,93,6.241410423903382,113717.17915219323
2383,3,98,11.913380088773902,181473.2398224522
2178,5,14,3.4816502210733136,271836.6995578534
1115,3,30,9.530806810361893,127438.38637927621
2177,1,9,3.461445207269367,256777.10958546126
2407,2,54,9.248527805982912,228202.94438803417
2029,4,27,7.936393835351591,230027.2123292968
1907,5,7,8.665296470009867,241369.40705998027
1596,1,76,4.874244522130359,128851.51095573929
1276,1,93,2.7208668475701225,84158.26630485976
2400,1,36,5.513306558397712,247973.38688320457
1845,3,38,4.791600784878183,201916.79843024362
1883,4,92,14.685924051688994,136928.151896622
2866,1,85,14.33950145963092,227920.99708073816
2342,3,87,11.689659875285447,188820.6802494291
2185,1,37,1.8266759633755036,232846.648073249
2071,3,20,11.325237085600659,229449.52582879868
2759,2,13,1.5847405188119557,319730.5189623761
2859,3,40,0.36346038552475646,310173.0792289505
2464,5,50,7.051922302753115,257296.15539449378
2291,4,54,4.810898381277989,235478.20323744402
952,3,65,11.892953628660852,71414.0927426783
2061,4,72,18.572849761392273,166954.30047721544
1934,3,58,14.39704055542384,171605.91888915232
2046,4,73,15.347217239419741,170905.56552116052
2471,2,49,19.017862207412456,220064.27558517508
630,5,17,12.681821617931352,95636.3567641373
1715,5,49,11.554618828196512,174390.76234360697
2134,5,89,12.037359519054169,175325.28096189167
1766,3,87,17.316105131349318,119967.78973730135
1291,5,57,7.7619807041397015,131576.0385917206
2434,1,74,15.90672450776008,192586.55098447984
2138,1,90,13.045138699543228,152709.72260091355
1514,5,13,6.091431015639268,201217.13796872145
2157,5,31,0.2737682196818336,259152.46356063633
2410,3,21,4.198399801738399,276603.2003965232
2002,5,97,13.999775292537223,150200.44941492556
2400,4,1,11.593806194904698,285812.3876101906
2039,2,96,5.491893996405722,156916.21200718856
1802,3,43,8.686049428020478,184827.90114395905
1420,3,55,13.222975311628263,125554.04937674347
1957,1,70,2.5417228097979394,175616.55438040412
2097,3,34,8.645591617024328,223408.81676595134
2437,3,94,8.332484299639589,198035.03140072082
1942,2,46,10.852020402404811,186495.95919519037
2228,4,90,10.4382736043699,181923.4527912602
1517,2,17,7.354533701356991,179990.932597286
1608,4,12,15.254672576250925,188290.65484749814
1944,1,52,1.3445807998242754,194710.83840035144
1472,2,47,0.7107694506869211,158778.46109862617
2410,2,39,8.405186791967507,245189.62641606497
2231,2,48,17.933885003416286,199232.22999316742
2139,5,55,5.551387010593382,222797.22597881325
2169,5,25,3.446186493953063,260007.62701209387
3010,2,64,18.564167886587523,259871.66422682494
1765,3,60,3.364465091651405,174771.06981669719
899,1,30,7.496810734270511,99906.37853145898
2099,3,92,14.580310206729843,153739.3795865403
1974,1,87,5.218480169552036,154963.03966089594
1741,1,79,4.596990555873626,140906.01888825276
1510,5,38,7.953344678631082,172093.31064273784
1780,1,86,15.747296291936504,115505.407416127
2090,2,48,18.219667063250128,184560.66587349976
1748,2,7,0.6258505581954754,226548.29888360904
3206,1,37,3.3021625474384053,331995.6749051232
1519,5,66,19.17202578293815,122555.94843412371
1603,3,77,11.855825830979366,124588.34833804127
855,5,20,11.028205383076395,118443.5892338472
2125,5,46,16.270873585679894,208958.25282864022
991,3,93,0.7956659605688965,69508.6680788622
1730,2,32,0.27672502345949646,200446.549953081
1862,4,52,19.349880994031835,165500.23801193634
1645,5,55,16.571413711453623,151357.17257709274
2869,2,19,14.947635631165372,298004.72873766924
2497,1,56,3.1140154028973344,242471.96919420533
2659,5,22,9.5320784608652,299835.8430782696
1558,5,86,18.74587077131695,107308.25845736609
2564,1,60,18.671991912479093,214056.01617504182
2248,4,34,0.18494213959057593,260430.11572081884
2385,4,61,15.049828180123148,217400.3436397537
2514,3,54,0.12475532893420738,262150.4893421316
1545,1,38,19.686034553411133,132127.93089317775
1787,2,85,8.33934403991397,137021.31192017207
2431,2,92,19.470375159601993,172159.249680796
672,4,48,7.35493618061275,74490.1276387745
2756,3,34,5.863745811468428,294872.50837706315
2276,3,61,6.325839276692098,218948.3214466158
1977,2,65,14.613581332771801,163472.8373344564
2110,3,54,3.9934566786039394,214013.08664279213
1485,4,17,17.281153835853015,166937.69232829398
1825,4,52,11.811453872534848,176877.0922549303
2550,3,34,19.398220518985394,247203.55896202923
2649,4,43,19.741698069722972,252416.60386055405
3348,4,13,3.703640026042907,384392.7199479142
1963,3,17,19.115641071520354,206068.7178569593
1670,4,31,0.9307697275836735,204138.46054483266
1742,1,21,0.5572744824621134,207085.45103507576
1490,4,98,18.877291546571037,83245.41690685792
1961,5,1,19.247934748999867,231604.13050200028
2191,2,69,2.9449534534397936,204210.0930931204
1982,1,47,8.848316307779962,188503.3673844401
2548,3,38,9.881850559763649,262036.2988804727
1882,2,63,17.20562473036609,150788.7505392678
1826,5,31,12.55834486392338,201483.31027215323
1709,2,92,15.491328484032309,107917.34303193538
1183,4,68,9.701936908625818,100896.12618274837
1216,2,37,12.968274044836566,118663.45191032687
1410,3,7,14.708187200517173,169583.62559896565
2650,4,67,14.757625678346027,238484.74864330795
2447,4,54,0.03475653569344761,260630.4869286131
2687,5,21,1.9981614746012122,318703.67705079756
1333,2,21,7.2732088220883195,157753.58235582337
1015,5,57,1.223948942070836,117052.10211585833
1669,4,90,7.659794047354341,131580.41190529132
2087,4,66,7.7913369694438455,197117.3260611123
2249,5,92,18.404670745554796,171090.65850889042
2523,4,47,11.341437097893818,252617.12580421235
2142,2,32,14.127025610673165,213945.94877865366
2871,1,33,17.74397364172457,273612.0527165509
1888,5,99,8.842586412986346,147114.8271740273
1543,3,58,0.039242891947643965,161221.51421610473
1159,1,32,5.706720492508275,127486.55901498345
1555,3,17,16.28317400074974,170933.6519985005
2121,4,9,18.036823396001495,237026.35320799702
1555,1,99,7.030191622364422,97439.61675527116
2468,4,44,5.879825059580968,261040.34988083807
2706,4,86,18.49010422137467,217619.79155725066
815,5,5,7.0214747196556,137457.0505606888
2432,3,86,13.044903761533167,196110.19247693368
880,2,9,5.6061847010112675,127787.63059797746
2200,5,65,1.95837597581483,226083.24804837033
2612,5,61,10.02472623572027,255150.54752855946
2032,3,5,18.464636742363354,226270.7265152733
1360,5,68,12.3728150785461,118254.36984290779
1707,3,7,4.176532495674687,220346.93500865062
1869,5,54,13.64859146735226,180602.81706529547
1908,1,19,15.367222881952651,196065.5542360947
1898,3,51,6.415211238299177,190969.57752340165
1945,2,38,11.184188028620772,194131.62394275845
2106,5,13,13.63906262934645,245321.8747413071
1395,1,11,3.2070629076097634,177085.87418478046
1878,2,87,19.28201879544925,122235.9624091015
2759,5,54,9.025039228996839,278849.9215420063
1807,5,53,19.59328780944133,163513.42438111734
1778,4,75,3.791477316889902,165217.0453662202
2539,5,40,9.675470926192888,269549.05814761424
720,2,95,3.317073073516754,30365.85385296649
2590,2,3,0.20361644767877385,315592.76710464247
1684,1,61,4.757503451504055,152884.99309699188
2081,4,2,8.063746741361669,259972.50651727666
2048,1,71,8.622614754484715,171554.77049103056
2471,1,2,17.73010310208409,264639.79379583185
1866,5,25,12.713545277616838,211172.90944476632
1660,1,46,8.688833104370604,157622.3337912588
2648,3,5,19.759953992196255,285280.0920156075
817,4,16,12.284486632533714,111131.02673493257
2010,5,8,6.4532592996994325,255093.48140060113
1326,3,81,13.826217624215893,88947.56475156822
1619,2,92,9.913998453660103,110072.00309267979
3005,4,78,17.623353881363442,257253.29223727313
1977,2,56,17.930225241266424,165839.54951746715
2097,2,6,7.347008002423392,249005.98399515322
1109,5,77,11.246781017202883,86406.43796559423
1635,3,56,5.315468880926108,161869.06223814777
2098,4,92,12.532735034851,162734.529930298
2177,5,3,19.846939246393497,250006.121507213
2308,1,59,16.651770356443677,193496.45928711264
2004,4,4,7.328198006056505,251743.60398788698
2263,5,0,1.9076070398698497,297484.7859202603
2226,4,75,19.333639747470283,178932.72050505943
1085,4,38,7.791695573554405,124916.6088528912
2018,5,6,5.867617865336303,259064.7642693274
2383,2,20,6.326707858111352,265646.5842837773
2294,2,70,9.798467332776934,199803.06533444615
1818,5,16,19.135027974980012,202529.94405003998
1597,4,64,19.732446426669828,126235.10714666035
1440,2,67,5.922534547047911,125154.93090590418
1934,3,69,7.029374154949702,175341.2516901006
2566,1,61,10.23613120132074,230127.73759735853
1024,1,39,0.1637457725947189,118072.50845481057
1670,3,59,3.4967312648821824,166006.53747023563
1430,3,80,18.721180410096128,90557.63917980774
2392,3,89,0.5887047412272239,214022.59051754556
1722,4,94,2.019525594410876,144160.94881117824
1764,2,27,8.412940340674375,192574.11931865124
1891,3,75,14.629004983180241,149841.9900336395
2222,5,64,5.3775646078069705,222444.87078438606
1803,1,33,6.119311811077819,190061.37637784437
476,1,25,6.109459602487735,65381.08079502453
2271,3,52,17.45203853507213,205195.92292985573
2219,2,14,4.521952124548358,258856.09575090327
1890,3,48,11.248036520263806,183503.9269594724
1457,5,34,19.998622940376322,146702.75411924737
2175,3,40,14.569309897860363,213361.38020427927
2189,4,50,6.72701310593852,225445.97378812297
1764,3,62,15.309179406648191,148781.6411867036
1891,4,43,19.078314147712177,177943.37170457563
1534,2,38,7.470756143051687,160458.4877138966
1910,2,19,14.160224801386612,203679.55039722676
1224,5,42,1.516085262387783,152367.82947522443
2208,2,98,17.905936735082836,146988.12652983432
1527,4,21,1.9251344924862401,197849.73101502753
2119,2,20,7.458501925231893,236982.99614953622
1297,4,90,10.850116857244714,87999.76628551057
1704,5,35,5.271552849004378,199856.89430199124
1944,4,27,12.985386519743551,211429.2269605129
1169,3,3,11.088574547848228,156722.85090430354
2057,2,89,14.34370480596212,148012.59038807577
1810,1,7,7.082787302443217,214834.42539511356
1128,3,4,10.920277793053469,151959.44441389307
1348,4,4,16.24370800362458,168312.58399275085
2302,3,53,16.213926920029113,209772.14615994177
2447,3,9,14.28479949703763,272130.40100592474
1934,3,68,10.838717792299589,168722.56441540082
2202,3,33,13.465222015489907,225269.55596902018
2111,4,49,1.7376058022410157,228624.78839551797
2164,2,74,9.426344014214651,183547.31197157069
2642,2,23,17.20287000609298,266794.25998781406
1246,3,57,12.147296434532846,108305.40713093431
2338,1,96,18.8336621165018,155132.6757669964
1808,2,77,5.243570425881618,153312.85914823678
1887,4,21,1.9260360422155087,233847.927915569
1848,4,92,12.532268712077732,137735.46257584455
1812,2,23,1.8185185964076078,214562.96280718478
1386,4,5,15.64270726848832,172314.58546302337
2091,4,61,5.134848162981145,207830.3036740377
2835,5,2,10.775037168873132,334949.92566225375
1971,4,0,16.227540806032252,234644.9183879355
1999,2,9,15.760707374006,219378.585251988
1656,2,71,9.919500541584172,134760.99891683165
1941,1,29,19.516928266309456,181066.14346738107
2233,3,21,9.952663141816814,247394.67371636638
1814,2,80,5.575828333821109,150248.3433323578
1773,4,78,6.048624891033736,157202.75021793254
2201,1,83,14.872854477545403,162354.2910449092
1540,5,37,8.742140777811873,174515.71844437625
2126,1,90,8.375769695709804,160848.46060858038
2410,4,76,0.4097319053986892,234180.53618920263
2679,2,79,6.105563208420985,236688.87358315804
1954,1,83,17.207661596832136,132984.67680633574
2683,4,18,16.070089964542937,288159.8200709141
2517,5,66,14.930217199653201,230839.5656006936
1501,1,16,0.4625677335143985,188174.8645329712
1391,4,75,0.5398058286338636,133020.38834273227
1847,3,99,6.229299187817652,138241.4016243647
2514,2,9,9.489065444362666,283421.86911127466
1963,4,73,18.194825359725396,156910.3492805492
1699,3,30,7.692596320110788,189514.80735977844
2776,2,22,5.770500057257855,304058.9998854843
2143,2,20,11.423059366094252,231453.8812678115
839,2,83,18.29388599099389,24312.228018012225
2158,3,68,14.772774229245,183254.45154151
2260,1,79,17.13332563958621,167733.34872082758
2112,3,33,3.6439528984606584,235912.09420307868
2224,3,64,2.513288906275848,218373.4221874483
1966,4,15,10.881422673777859,229837.1546524443
1340,4,77,13.947416514344999,99105.16697131
1814,5,9,19.099760963250635,209200.47807349873
1527,3,49,7.430688169129578,153838.62366174086
1533,3,10,6.931137044073932,194437.72591185215
1368,5,34,10.317085958031694,157165.82808393662
2226,3,39,13.698758734134177,221202.48253173166
2048,3,48,11.320475542306063,199159.0489153879
1775,5,44,14.460613866651922,179578.77226669615
1675,5,1,7.606298742249809,226287.40251550038
1988,5,72,17.243952603704834,167312.09479259033
2539,2,0,3.6595118716791952,306580.9762566416
997,4,11,6.31809285656656,146063.81428686687
2188,5,26,15.47355327540635,236852.8934491873
1727,2,94,6.713445079587914,125273.10984082417
1057,4,42,13.363092047400304,106973.81590519939
1027,5,19,5.755952185459215,147188.09562908157
1543,3,85,3.7420868486658554,126815.82630266828
2109,3,1,6.014651279063075,262870.69744187384
2196,4,60,17.7398659407576,194120.2681184848
1530,1,82,9.21766257383424,107564.67485233152
2508,4,92,4.50830307476457,219783.39385047086
2711,2,62,6.4287717833008795,256242.45643339824
2198,3,11,0.055419132513638836,273689.16173497273
1704,3,49,15.116165755140575,156167.66848971884
2562,5,63,4.513549048656039,259172.9019026879
2377,2,9,11.958420805410048,264783.1583891799
2433,1,24,0.5021907635428624,273295.61847291427
1671,2,68,16.68996863947035,125720.06272105931
582,2,26,3.748895072727103,84702.2098545458
3058,2,52,0.09536755528539942,313609.2648894292
1194,2,54,6.023756167308512,113352.48766538297
1982,1,85,18.409742376745434,131380.51524650914
3190,2,78,5.252284360892716,290495.43127821456
2165,1,29,10.069576762358228,222360.84647528356
2474,4,1,8.144596887154087,300110.8062256918
1248,2,78,5.884985166641734,95030.02966671654
1111,5,0,18.547071572031417,149005.85685593716
1733,1,15,15.779898161074533,181740.20367785095
2545,1,33,15.238266307477144,246023.46738504572
1826,2,32,10.522142489624795,189555.71502075042
1602,5,69,16.497233474596744,133205.5330508065
2098,5,30,9.168573164225073,236462.85367154985
2540,2,47,9.303791009431112,248392.41798113778
1277,5,58,9.875481268269276,124949.03746346146
1394,1,73,4.738204504491419,111923.59099101716
1605,2,7,18.4730371877398,176553.9256245204
2547,2,30,5.175013497570983,274349.973004858
2117,2,85,3.9631899987893004,178773.6200024214
3066,4,30,4.8750358666317055,336849.92826673656
2468,2,41,16.34704233131878,233105.91533736244
1982,3,8,15.370912753527232,224458.17449294555
2632,3,65,8.542136169121363,246115.72766175726
2105,1,85,0.27563809249165017,179948.7238150167
1647,4,8,19.514700665017713,187670.5986699646
2339,4,49,2.650619549807267,249598.76090038547
1651,5,64,17.028453531844786,142043.09293631042
1854,2,91,15.634461732615048,123131.0765347699
2663,3,50,18.7615156342273,243776.9687315454
1949,4,48,15.467970781705775,185964.05843658844
1598,3,89,6.627431816540572,122545.13636691886
1767,3,29,4.638280868283388,203423.43826343323
2510,2,71,7.553816408128298,224892.3671837434
1723,3,26,4.0617434103334915,203176.513179333
1806,1,95,14.391494954899017,111817.01009020196
1744,1,14,16.53037264988221,182339.2547002356
2091,4,19,12.92877784794496,234242.44430411007
1807,4,8,3.7218546261820418,235256.2907476359
1199,5,39,0.7476942205729142,154404.61155885417
1556,3,29,11.608025337139289,168383.94932572142
1533,4,23,9.253462101592271,181793.07579681545
2621,2,77,3.9940785639806475,237111.84287203872
2406,4,40,7.361678044405822,255876.64391118835
2293,1,1,10.829325112179065,261641.34977564187
1747,3,89,12.65834224553159,125383.31550893682
1592,1,88,9.532875550856366,107134.24889828727
1746,4,30,19.427856434708158,175744.2871305837
1474,4,41,0.9245280094171204,174550.94398116576
3248,1,80,13.164158260537969,273471.68347892404
877,5,62,18.191158035756516,64317.68392848697
2282,5,75,4.731284222264501,218737.431555471
1357,4,71,4.274143761382754,126151.7124772345
1947,5,85,15.244656149651643,154210.68770069673
1505,1,88,9.72747588210472,98045.04823579056
1411,3,37,19.84355013395764,129412.89973208473
1429,4,43,11.782472409834243,146335.05518033152
2877,2,59,18.468838669759855,251762.32266048028
1933,5,36,0.24421039326843808,231811.57921346312
1617,5,32,3.0907924095141026,198518.4151809718
2277,2,73,13.688380895031793,187323.23820993642
2005,2,16,8.32932739794892,227841.34520410217
2360,1,35,16.719291388579606,222561.4172228408
1087,1,3,8.577961851130363,143544.0762977393
2151,5,39,14.259933927099713,222580.13214580057
2386,3,37,11.323200340669164,243953.59931866167
1169,1,3,2.398071346572457,164103.8573068551
2224,1,40,14.359024134140647,208681.9517317187
2848,4,58,14.127436026953962,268545.12794609205
1992,4,99,2.3143630242642943,165571.2739514714
2410,1,1,11.23822915615458,272523.5416876908
2335,3,3,6.713000350974367,282073.9992980513
1646,5,11,9.17699564091551,210246.00871816897
2019,2,3,8.455173860615519,241989.65227876895
1216,1,59,2.095488084983772,113409.02383003246
1774,3,12,3.160459725825595,224079.0805483488
2132,3,96,1.7361723228730042,178727.655354254
2361,3,39,3.8489402720672383,254402.11945586553
2012,1,50,17.048887729954913,172102.2245400902
2359,1,0,0.4904529852586581,289919.0940294827
1448,3,54,8.632345005737122,138535.30998852575
1949,3,54,16.018727774061816,173862.54445187637
2009,1,87,2.005164090547802,164889.6718189044
2924,5,71,4.554271803179293,287291.4563936414
1892,1,59,14.548794151165739,156102.41169766852
1750,4,65,12.951048651867051,154097.9026962659
2010,3,98,11.260476734303321,145479.04653139337
1540,5,13,3.432816332563615,209134.36733487278
2096,2,56,15.890620239317313,181818.75952136537
1817,1,30,2.828282237625921,201043.43552474817
1104,3,85,2.695957894461285,85008.08421107742
1970,1,81,15.900700886067087,139198.59822786582
1841,2,23,7.384466557681506,206331.066884637
1183,1,35,6.252342318466937,125795.31536306613
1966,5,33,5.573441026204728,227453.11794759054
2744,2,6,6.499442127352029,315401.11574529595
2260,4,24,6.811751994152104,258376.4960116958
2305,4,34,13.927353872130793,238645.2922557384
1329,3,57,4.80524402302545,131289.5119539491
2238,4,73,6.5065290694780975,207786.9418610438
2074,1,24,15.524230169401322,207351.53966119734
2264,5,93,18.263011466274243,171873.97706745152
2211,4,5,12.256719404568646,261586.5611908627
1320,3,48,2.1023645892561404,144795.2708214877
1979,1,25,10.831693214172457,206236.6135716551
1621,3,68,12.555577484488126,133988.84503102375
1974,3,38,6.28105394013895,211837.8921197221
1551,5,0,16.560007458537946,196979.9850829241
2656,5,59,15.641576215143562,250316.84756971287
1570,3,78,11.506134134405798,120987.7317311884
1550,3,73,2.900311788542238,141199.37642291552
2037,4,50,13.947629313681833,195804.74137263634
1461,4,28,17.906973276830442,152286.05344633912
1787,2,15,5.0020221954647255,213695.95560907054
1585,5,66,19.173717913680164,129152.56417263967
2705,4,36,15.426047940605672,273647.90411878866
2392,3,7,6.006431495582247,285187.1370088355
1971,4,81,12.336422482231635,161427.15503553674
1804,2,31,6.15695864161389,197086.08271677222
2470,4,43,1.9893575218778814,270021.2849562442
2202,3,41,16.482973392413708,211234.05321517258
2249,4,79,13.316140690180646,189267.7186196387
1986,4,28,12.280013025614437,216039.97394877113
1155,5,54,2.8434576142646684,130813.08477147066
1943,5,52,7.5475422633959415,202204.91547320812
1733,2,42,17.53272160009822,156234.55679980357
2322,2,31,3.266089215538126,254667.82156892374
2505,4,86,0.9580577399423706,232583.88452011527
1671,5,57,3.823029537803506,177453.94092439298
2234,5,23,5.00360014349728,265392.7997130054
2867,4,68,15.672850475317668,257354.29904936466
1666,5,64,12.962829423786628,151674.34115242673
2840,1,17,0.3468549361298434,321306.2901277403
1573,3,70,0.34579305482393297,151608.41389035212
2011,1,68,11.337928576001108,165424.14284799778
1994,1,75,12.665848847565774,154068.30230486844
2005,1,96,2.508437618311079,154483.12476337785
1581,5,80,12.209243041671185,128681.51391665763
1704,4,2,4.807038208390802,228785.9235832184
1666,2,74,6.734426849210944,139131.14630157812
2163,3,39,8.176631607686826,225946.73678462635
2165,3,38,2.323895924685593,238852.2081506288
3112,1,54,19.2618721088991,273676.25578220177
2685,2,0,19.47528907255122,289549.4218548976
1745,4,9,8.900033781788148,217699.9324364237
2162,2,75,5.1493295616054935,190901.340876789
2498,2,44,19.171888930506224,227456.22213898756
2015,3,52,16.361147930943815,181777.70413811237
1965,5,81,14.48457211116464,161530.85577767072
2025,1,47,9.236235745552786,192027.52850889444
2433,5,69,8.211574028823442,232876.85194235313
1575,3,48,15.586985445537035,143326.02910892593
1837,2,38,10.392273555292533,184915.45288941494
2235,1,36,13.211642776416161,216076.71444716767
2155,4,4,11.323859632168238,258852.28073566352
2119,4,75,14.24370814302726,178412.58371394547
1815,2,39,1.882100081568019,198735.79983686397
2486,5,93,7.552421852715736,215495.15629456853
3066,5,62,3.341783770197302,312916.4324596054
2203,1,45,4.8408780004707115,220618.24399905858
1903,3,75,4.016485530763616,172267.02893847277
2377,5,42,10.066445986077303,250567.1080278454
1730,4,32,0.37985977019837414,210240.28045960327
1625,4,1,19.27935204016888,192941.29591966223
2016,4,47,10.379276528191424,203841.44694361716
708,5,34,1.0514302840877798,109697.13943182444
1423,2,42,13.641076807235184,133017.84638552964
1826,5,42,5.377761001957531,204844.47799608493
1323,5,74,2.1353518517685965,129029.29629646281
1483,1,42,16.606073719499896,128087.85256100021
1781,3,46,3.9581520582864838,189183.69588342702
1178,5,79,2.095085377192627,109609.82924561475
1796,5,90,1.1381290520766396,162323.74189584673
1732,3,40,14.57115487068334,169057.69025863332
2012,4,80,13.10542494645536,164989.15010708928
2577,3,43,0.16398281172148144,279372.03437655704
2086,5,92,4.429610808966073,182740.77838206786
2010,2,64,14.093640622334991,168812.71875533002
2049,1,63,3.0428170940790467,190814.3658118419
2113,1,44,11.535015662523291,199229.96867495342
1491,3,2,4.263129335042146,203573.7413299157
1942,3,22,8.984685696215745,219230.6286075685
2154,4,24,17.34846123603562,226703.07752792875
1314,1,44,6.05192854601972,130296.14290796056
2432,3,83,13.719447798504625,197761.10440299075
2540,5,94,8.765624655656023,217468.75068868796
1684,5,77,1.923105086029766,162553.78982794046
1879,2,7,7.212699873036019,226474.60025392796
1560,2,83,16.82560132696215,99348.7973460757
2349,3,99,19.460924845364566,161978.15030927086
1469,4,53,16.901633412320106,130096.73317535978
1888,4,62,3.2445678154710134,190310.86436905796
1570,4,29,6.9101859689816925,184179.62806203662
2025,4,84,16.623763172135003,155252.47365573
1102,1,8,11.077918687915309,135044.16262416937
2663,4,74,15.523715942288163,231252.56811542367
1517,2,41,15.555665332335803,139588.6693353284
2029,2,34,1.421758012602392,226056.4839747952
1893,1,46,6.848131312020462,184603.73737595908
1618,3,61,9.580430109059343,146639.1397818813
1556,5,75,18.90449443160776,117791.01113678448
2468,2,72,17.964576020320084,198870.84795935982
1737,2,55,8.460639658624396,161778.7206827512
2135,1,85,1.913318549738301,179673.3629005234
1599,2,68,8.090845737607635,135718.30852478472
1676,5,47,10.718066652825616,174163.86669434878
2236,1,7,18.087943827980627,235424.11234403873
2465,4,56,5.897585342824341,248704.82931435131
1912,4,85,6.177282913379747,163845.4341732405
1289,4,86,12.54366469095682,87812.67061808635
2998,5,70,10.10383110142758,284592.33779714484
1571,3,19,3.9173791811761305,195265.24163764773
1229,2,43,2.8945449768515874,134110.91004629683
3297,5,70,9.789944196106932,315120.11160778615
1797,3,96,15.58781912800561,117524.36174398879
1269,1,86,15.576625031135748,64746.7499377285
1658,5,21,19.516073746411816,180767.85250717637
2183,1,11,7.654363963159893,246991.27207368021
2095,3,43,7.83978653620522,215820.42692758955
1574,5,67,0.03638989561058459,165327.22020877883
2911,2,96,16.598347303909783,221903.30539218042
1739,3,29,12.932568881361012,184034.86223727796
1407,2,21,15.398442374637817,148903.11525072437
2480,1,81,9.412463998896062,203175.07200220786
2664,2,69,18.403869772817295,220592.2604543654
1591,5,91,0.5822759566542879,141935.44808669144
1299,5,1,2.305623654757767,199288.75269048446
2515,4,33,7.520346699430062,273459.3066011399
976,2,40,1.702118162271442,114195.76367545711
1386,4,43,1.7577576393014382,162084.48472139714
2483,3,51,11.337453587010902,239625.09282597818
1972,1,94,4.3224403913983505,149555.1192172033
1868,3,82,12.53070421114259,144738.59157771483
2176,1,54,18.587996442905165,181424.00711418968
1923,2,79,16.477644194062584,140344.71161187484
1350,5,51,4.968607751076166,149062.78449784766
2638,2,45,1.7932585222264597,275213.4829555471
2662,1,93,19.003849364318405,190192.3012713632
2102,4,4,19.889918627466496,236420.162745067
2022,1,56,7.489897989303584,186220.20402139283
3169,4,48,9.21354522285122,320472.90955429757
1861,3,20,2.9066732266013307,225286.65354679734
1870,5,16,14.203615855553625,217592.76828889275
2182,3,53,8.436672137056817,213326.65572588638
2735,2,85,16.060302905088186,216379.39418982362
2796,4,66,11.545934228491408,260508.1315430172
1870,4,20,0.8556761833326743,235288.64763333465
2154,3,56,6.699090810071948,211001.8183798561
1310,5,24,16.17192341340307,149656.15317319386
1844,5,43,13.762277627678536,188875.44474464294
1579,3,84,12.65063894757831,113598.72210484339
1496,5,63,13.450092846321564,134699.81430735686
2840,2,15,12.100737512471964,304798.52497505606
1603,1,97,12.822486531751489,92655.02693649702
1734,4,24,12.40842209281742,194583.15581436516
2182,4,88,10.668558790093165,178862.88241981366
2648,4,91,15.154942508548261,213490.11498290347
2240,1,61,7.389851270424639,203220.29745915072
3379,2,3,9.504766772810031,375890.46645437996
1962,3,19,8.028991138393797,226142.0177232124
2129,5,12,4.184209822438549,267531.5803551229
2137,5,44,6.437779249997686,231824.4415000046
2717,1,74,1.100301552198013,250499.39689560398
2253,4,9,6.510552678452215,273278.89464309555
1941,5,63,7.811661858662582,190476.67628267483
1526,3,92,1.8676819529764765,121864.63609404705
2122,5,46,4.409102594241934,232381.79481151613
2700,4,95,4.990834948856819,235018.33010228636
1794,3,87,4.549404164173776,148301.19167165246
2264,4,13,7.004434030478985,269391.131939042
2123,4,69,2.8975221013994767,207504.95579720105
2431,1,45,14.630027136888987,223839.945726222
1597,4,7,6.853097106355063,208993.80578728986
3173,3,41,2.4473046804339593,336405.39063913206
1360,1,16,11.871995626535659,151256.00874692868
1817,1,50,3.592963502348454,179514.07299530308
2469,3,39,1.1611264135538746,270577.74717289227
2148,1,35,3.265842840494857,228268.3143190103
2414,3,28,8.399896240982837,261600.20751803432
1751,5,81,13.870179438548716,141359.64112290257
1962,1,37,12.830017695425202,188539.9646091496
2006,5,1,0.10411958719650283,274391.760825607
2784,1,81,15.865813050281721,220668.37389943656
2345,4,30,6.713755569249882,261072.48886150023
2398,3,34,13.594313819111397,243611.3723617772
1671,4,3,0.6534634341386569,232793.0731317227
2484,5,33,7.8757648674462155,274648.4702651076
2112,3,43,0.3922100263820605,232415.57994723588
2694,3,89,16.326910702902303,212746.1785941954
3007,5,1,3.739343610323287,367221.3127793534
1846,3,98,13.490958150381836,124618.08369923633
1796,3,56,5.54132325452223,177517.35349095555
1567,1,49,2.7070222867529536,157285.9554264941
1928,2,40,18.60590678093153,175588.18643813694
1808,4,82,11.900492315732443,144999.01536853513
2179,2,41,17.812620945977862,201274.75810804428
1927,3,54,6.131988033012783,191436.02393397444
1819,2,85,16.59670667356789,123706.58665286422
2532,1,47,18.83364666812565,223532.70666374872
1531,5,92,7.903676535735764,120292.64692852847
2216,5,65,18.08262102396894,195434.75795206212
1797,2,41,6.7017148535821995,185296.5702928356
2362,1,38,6.491999982545822,240216.00003490836
2692,5,12,19.914653443901916,292370.69311219617
1848,2,79,19.048208963547047,127703.5820729059
2220,2,28,4.5723669194295,244855.266161141
2089,4,25,16.74404054074291,220411.9189185142
1600,1,53,6.849157552818042,148301.68489436392
2120,4,86,19.584867479560536,156830.26504087893
2144,2,63,16.996352575201264,177407.29484959747
2206,4,91,18.098386026250765,163403.22794749847
1900,4,77,11.47347022979117,160053.05954041766
2047,2,33,5.883027046423608,219933.94590715278
1426,5,78,3.9505001275342,131698.99974493159
1820,3,8,10.55743841092266,217885.12317815467
